URL,Service Name,Number of Actions
https://docs.aws.amazon.com/service-authorization/latest/reference/list_awsaccountmanagement.html,account,13
https://docs.aws.amazon.com/service-authorization/latest/reference/list_awsactivate.html,activate,8
https://docs.aws.amazon.com/service-authorization/latest/reference/list_alexaforbusiness.html,a4b,96
https://docs.aws.amazon.com/service-authorization/latest/reference/list_amazonmediaimport.html,mediaimport,1
https://docs.aws.amazon.com/service-authorization/latest/reference/list_awsamplify.html,amplify,37
https://docs.aws.amazon.com/service-authorization/latest/reference/list_awsamplifyadmin.html,amplifybackend,31
https://docs.aws.amazon.com/service-authorization/latest/reference/list_awsamplifyuibuilder.html,amplifyuibuilder,29
https://docs.aws.amazon.com/service-authorization/latest/reference/list_apachekafkaapisforamazonmskclusters.html,kafka-cluster,19
https://docs.aws.amazon.com/service-authorization/latest/reference/list_amazonapigateway.html,execute-api,3
https://docs.aws.amazon.com/service-authorization/latest/reference/list_amazonapigatewaymanagement.html,apigateway,9
https://docs.aws.amazon.com/service-authorization/latest/reference/list_amazonapigatewaymanagementv2.html,apigateway,5
https://docs.aws.amazon.com/service-authorization/latest/reference/list_awsappmesh.html,appmesh,39
https://docs.aws.amazon.com/service-authorization/latest/reference/list_awsappmeshpreview.html,appmesh-preview,36
https://docs.aws.amazon.com/service-authorization/latest/reference/list_awsapprunner.html,apprunner,42
https://docs.aws.amazon.com/service-authorization/latest/reference/list_awsapp2container.html,a2c,4
https://docs.aws.amazon.com/service-authorization/latest/reference/list_awsappconfig.html,appconfig,45
https://docs.aws.amazon.com/service-authorization/latest/reference/list_awsappfabric.html,appfabric,26
https://docs.aws.amazon.com/service-authorization/latest/reference/list_amazonappflow.html,appflow,31
https://docs.aws.amazon.com/service-authorization/latest/reference/list_amazonappintegrations.html,app-integrations,27
https://docs.aws.amazon.com/service-authorization/latest/reference/list_awsapplicationautoscaling.html,application-autoscaling,13
https://docs.aws.amazon.com/service-authorization/latest/reference/list_awsapplicationcostprofilerservice.html,application-cost-profiler,6
https://docs.aws.amazon.com/service-authorization/latest/reference/list_applicationdiscoveryarsenal.html,arsenal,1
https://docs.aws.amazon.com/service-authorization/latest/reference/list_awsapplicationdiscoveryservice.html,discovery,29
https://docs.aws.amazon.com/service-authorization/latest/reference/list_awsapplicationmigrationservice.html,mgn,104
https://docs.aws.amazon.com/service-authorization/latest/reference/list_awsapplicationtransformationservice.html,application-transformation,14
https://docs.aws.amazon.com/service-authorization/latest/reference/list_amazonappstream2.0.html,appstream,76
https://docs.aws.amazon.com/service-authorization/latest/reference/list_awsappsync.html,appsync,70
https://docs.aws.amazon.com/service-authorization/latest/reference/list_awsartifact.html,artifact,10
https://docs.aws.amazon.com/service-authorization/latest/reference/list_amazonathena.html,athena,79
https://docs.aws.amazon.com/service-authorization/latest/reference/list_awsauditmanager.html,auditmanager,62
https://docs.aws.amazon.com/service-authorization/latest/reference/list_awsautoscaling.html,autoscaling-plans,6
https://docs.aws.amazon.com/service-authorization/latest/reference/list_awsb2bdatainterchange.html,b2bi,27
https://docs.aws.amazon.com/service-authorization/latest/reference/list_awsbackup.html,backup,96
https://docs.aws.amazon.com/service-authorization/latest/reference/list_awsbackupgateway.html,backup-gateway,27
https://docs.aws.amazon.com/service-authorization/latest/reference/list_awsbackupstorage.html,backup-storage,15
https://docs.aws.amazon.com/service-authorization/latest/reference/list_awsbatch.html,batch,24
https://docs.aws.amazon.com/service-authorization/latest/reference/list_amazonbedrock.html,bedrock,84
https://docs.aws.amazon.com/service-authorization/latest/reference/list_awsbilling.html,billing,13
https://docs.aws.amazon.com/service-authorization/latest/reference/list_awsbillingandcostmanagementdataexports.html,bcm-data-exports,12
https://docs.aws.amazon.com/service-authorization/latest/reference/list_awsbillingconductor.html,billingconductor,32
https://docs.aws.amazon.com/service-authorization/latest/reference/list_awsbillingconsole.html,aws-portal,9
https://docs.aws.amazon.com/service-authorization/latest/reference/list_amazonbraket.html,braket,17
https://docs.aws.amazon.com/service-authorization/latest/reference/list_awsbudgetservice.html,budgets,10
https://docs.aws.amazon.com/service-authorization/latest/reference/list_awsbugbust.html,bugbust,17
https://docs.aws.amazon.com/service-authorization/latest/reference/list_awscertificatemanager.html,acm,15
https://docs.aws.amazon.com/service-authorization/latest/reference/list_awschatbot.html,chatbot,28
https://docs.aws.amazon.com/service-authorization/latest/reference/list_amazonchime.html,chime,309
https://docs.aws.amazon.com/service-authorization/latest/reference/list_awscleanrooms.html,cleanrooms,62
https://docs.aws.amazon.com/service-authorization/latest/reference/list_awscleanroomsml.html,cleanrooms-ml,25
https://docs.aws.amazon.com/service-authorization/latest/reference/list_awscloudcontrolapi.html,cloudformation,8
https://docs.aws.amazon.com/service-authorization/latest/reference/list_amazonclouddirectory.html,clouddirectory,66
https://docs.aws.amazon.com/service-authorization/latest/reference/list_awscloudmap.html,servicediscovery,27
https://docs.aws.amazon.com/service-authorization/latest/reference/list_awscloud9.html,cloud9,30
https://docs.aws.amazon.com/service-authorization/latest/reference/list_awscloudformation.html,cloudformation,84
https://docs.aws.amazon.com/service-authorization/latest/reference/list_amazoncloudfront.html,cloudfront,116
https://docs.aws.amazon.com/service-authorization/latest/reference/list_amazoncloudfrontkeyvaluestore.html,cloudfront-keyvaluestore,6
https://docs.aws.amazon.com/service-authorization/latest/reference/list_awscloudhsm.html,cloudhsm,33
https://docs.aws.amazon.com/service-authorization/latest/reference/list_amazoncloudsearch.html,cloudsearch,32
https://docs.aws.amazon.com/service-authorization/latest/reference/list_awscloudshell.html,cloudshell,9
https://docs.aws.amazon.com/service-authorization/latest/reference/list_awscloudtrail.html,cloudtrail,54
https://docs.aws.amazon.com/service-authorization/latest/reference/list_awscloudtraildata.html,cloudtrail-data,1
https://docs.aws.amazon.com/service-authorization/latest/reference/list_amazoncloudwatch.html,cloudwatch,53
https://docs.aws.amazon.com/service-authorization/latest/reference/list_amazoncloudwatchapplicationinsights.html,applicationinsights,34
https://docs.aws.amazon.com/service-authorization/latest/reference/list_amazoncloudwatchevidently.html,evidently,38
https://docs.aws.amazon.com/service-authorization/latest/reference/list_amazoncloudwatchinternetmonitor.html,internetmonitor,14
https://docs.aws.amazon.com/service-authorization/latest/reference/list_amazoncloudwatchlogs.html,logs,82
https://docs.aws.amazon.com/service-authorization/latest/reference/list_amazoncloudwatchnetworkmonitor.html,networkmonitor,12
https://docs.aws.amazon.com/service-authorization/latest/reference/list_amazoncloudwatchobservabilityaccessmanager.html,oam,15
https://docs.aws.amazon.com/service-authorization/latest/reference/list_awscloudwatchrum.html,rum,17
https://docs.aws.amazon.com/service-authorization/latest/reference/list_amazoncloudwatchsynthetics.html,synthetics,21
https://docs.aws.amazon.com/service-authorization/latest/reference/list_awscodeartifact.html,codeartifact,41
https://docs.aws.amazon.com/service-authorization/latest/reference/list_awscodebuild.html,codebuild,58
https://docs.aws.amazon.com/service-authorization/latest/reference/list_amazoncodecatalyst.html,codecatalyst,30
https://docs.aws.amazon.com/service-authorization/latest/reference/list_awscodecommit.html,codecommit,90
https://docs.aws.amazon.com/service-authorization/latest/reference/list_awscodedeploy.html,codedeploy,47
https://docs.aws.amazon.com/service-authorization/latest/reference/list_awscodedeploysecurehostcommandsservice.html,codedeploy-commands-secure,4
https://docs.aws.amazon.com/service-authorization/latest/reference/list_amazoncodeguru.html,codeguru,1
https://docs.aws.amazon.com/service-authorization/latest/reference/list_amazoncodeguruprofiler.html,codeguru-profiler,23
https://docs.aws.amazon.com/service-authorization/latest/reference/list_amazoncodegurureviewer.html,codeguru-reviewer,17
https://docs.aws.amazon.com/service-authorization/latest/reference/list_amazoncodegurusecurity.html,codeguru-security,13
https://docs.aws.amazon.com/service-authorization/latest/reference/list_awscodepipeline.html,codepipeline,39
https://docs.aws.amazon.com/service-authorization/latest/reference/list_awscodestar.html,codestar,18
https://docs.aws.amazon.com/service-authorization/latest/reference/list_awscodestarconnections.html,codestar-connections,37
https://docs.aws.amazon.com/service-authorization/latest/reference/list_awscodestarnotifications.html,codestar-notifications,13
https://docs.aws.amazon.com/service-authorization/latest/reference/list_amazoncodewhisperer.html,codewhisperer,18
https://docs.aws.amazon.com/service-authorization/latest/reference/list_amazoncognitoidentity.html,cognito-identity,26
https://docs.aws.amazon.com/service-authorization/latest/reference/list_amazoncognitosync.html,cognito-sync,17
https://docs.aws.amazon.com/service-authorization/latest/reference/list_amazoncognitouserpools.html,cognito-idp,107
https://docs.aws.amazon.com/service-authorization/latest/reference/list_amazoncomprehend.html,comprehend,85
https://docs.aws.amazon.com/service-authorization/latest/reference/list_amazoncomprehendmedical.html,comprehendmedical,25
https://docs.aws.amazon.com/service-authorization/latest/reference/list_awscomputeoptimizer.html,compute-optimizer,23
https://docs.aws.amazon.com/service-authorization/latest/reference/list_awsconfig.html,config,92
https://docs.aws.amazon.com/service-authorization/latest/reference/list_amazonconnect.html,connect,247
https://docs.aws.amazon.com/service-authorization/latest/reference/list_amazonconnectcases.html,cases,31
https://docs.aws.amazon.com/service-authorization/latest/reference/list_amazonconnectcustomerprofiles.html,profile,52
https://docs.aws.amazon.com/service-authorization/latest/reference/list_amazonconnectvoiceid.html,voiceid,31
https://docs.aws.amazon.com/service-authorization/latest/reference/list_awsconnectorservice.html,awsconnector,3
https://docs.aws.amazon.com/service-authorization/latest/reference/list_awsconsolemobileapp.html,consoleapp,2
https://docs.aws.amazon.com/service-authorization/latest/reference/list_awsconsolidatedbilling.html,consolidatedbilling,2
https://docs.aws.amazon.com/service-authorization/latest/reference/list_awscontroltower.html,controltower,62
https://docs.aws.amazon.com/service-authorization/latest/reference/list_awscostandusagereport.html,cur,12
https://docs.aws.amazon.com/service-authorization/latest/reference/list_awscostexplorerservice.html,ce,51
https://docs.aws.amazon.com/service-authorization/latest/reference/list_awscostoptimizationhub.html,cost-optimization-hub,7
https://docs.aws.amazon.com/service-authorization/latest/reference/list_awscustomerverificationservice.html,customer-verification,4
https://docs.aws.amazon.com/service-authorization/latest/reference/list_awsdataexchange.html,dataexchange,32
https://docs.aws.amazon.com/service-authorization/latest/reference/list_amazondatalifecyclemanager.html,dlm,8
https://docs.aws.amazon.com/service-authorization/latest/reference/list_awsdatapipeline.html,datapipeline,21
https://docs.aws.amazon.com/service-authorization/latest/reference/list_awsdatabasemigrationservice.html,dms,134
https://docs.aws.amazon.com/service-authorization/latest/reference/list_databasequerymetadataservice.html,dbqms,12
https://docs.aws.amazon.com/service-authorization/latest/reference/list_awsdatasync.html,datasync,60
https://docs.aws.amazon.com/service-authorization/latest/reference/list_amazondatazone.html,datazone,124
https://docs.aws.amazon.com/service-authorization/latest/reference/list_awsdeepcomposer.html,deepcomposer,18
https://docs.aws.amazon.com/service-authorization/latest/reference/list_awsdeeplens.html,deeplens,24
https://docs.aws.amazon.com/service-authorization/latest/reference/list_awsdeepracer.html,deepracer,51
https://docs.aws.amazon.com/service-authorization/latest/reference/list_amazondetective.html,detective,36
https://docs.aws.amazon.com/service-authorization/latest/reference/list_awsdevicefarm.html,devicefarm,77
https://docs.aws.amazon.com/service-authorization/latest/reference/list_amazondevopsguru.html,devops-guru,31
https://docs.aws.amazon.com/service-authorization/latest/reference/list_awsdiagnostictools.html,ts,9
https://docs.aws.amazon.com/service-authorization/latest/reference/list_awsdirectconnect.html,directconnect,63
https://docs.aws.amazon.com/service-authorization/latest/reference/list_awsdirectoryservice.html,ds,77
https://docs.aws.amazon.com/service-authorization/latest/reference/list_amazondocumentdbelasticclusters.html,docdb-elastic,13
https://docs.aws.amazon.com/service-authorization/latest/reference/list_amazondynamodb.html,dynamodb,66
https://docs.aws.amazon.com/service-authorization/latest/reference/list_amazondynamodbacceleratordax.html,dax,30
https://docs.aws.amazon.com/service-authorization/latest/reference/list_amazonec2.html,ec2,631
https://docs.aws.amazon.com/service-authorization/latest/reference/list_amazonec2autoscaling.html,autoscaling,65
https://docs.aws.amazon.com/service-authorization/latest/reference/list_amazonec2imagebuilder.html,imagebuilder,73
https://docs.aws.amazon.com/service-authorization/latest/reference/list_amazonec2instanceconnect.html,ec2-instance-connect,3
https://docs.aws.amazon.com/service-authorization/latest/reference/list_amazoneksauth.html,eks-auth,1
https://docs.aws.amazon.com/service-authorization/latest/reference/list_awselasticbeanstalk.html,elasticbeanstalk,50
https://docs.aws.amazon.com/service-authorization/latest/reference/list_amazonelasticblockstore.html,ebs,6
https://docs.aws.amazon.com/service-authorization/latest/reference/list_amazonelasticcontainerregistry.html,ecr,48
https://docs.aws.amazon.com/service-authorization/latest/reference/list_amazonelasticcontainerregistrypublic.html,ecr-public,23
https://docs.aws.amazon.com/service-authorization/latest/reference/list_amazonelasticcontainerservice.html,ecs,58
https://docs.aws.amazon.com/service-authorization/latest/reference/list_awselasticdisasterrecovery.html,drs,90
https://docs.aws.amazon.com/service-authorization/latest/reference/list_amazonelasticfilesystem.html,elasticfilesystem,36
https://docs.aws.amazon.com/service-authorization/latest/reference/list_amazonelasticinference.html,elastic-inference,7
https://docs.aws.amazon.com/service-authorization/latest/reference/list_amazonelastickubernetesservice.html,eks,57
https://docs.aws.amazon.com/service-authorization/latest/reference/list_awselasticloadbalancing.html,elasticloadbalancing,28
https://docs.aws.amazon.com/service-authorization/latest/reference/list_awselasticloadbalancingv2.html,elasticloadbalancing,45
https://docs.aws.amazon.com/service-authorization/latest/reference/list_amazonelasticmapreduce.html,elasticmapreduce,82
https://docs.aws.amazon.com/service-authorization/latest/reference/list_amazonelastictranscoder.html,elastictranscoder,17
https://docs.aws.amazon.com/service-authorization/latest/reference/list_amazonelasticache.html,elasticache,77
https://docs.aws.amazon.com/service-authorization/latest/reference/list_awselementalappliancesandsoftware.html,elemental-appliances-software,17
https://docs.aws.amazon.com/service-authorization/latest/reference/list_awselementalappliancesandsoftwareactivationservice.html,elemental-activations,10
https://docs.aws.amazon.com/service-authorization/latest/reference/list_awselementalmediaconnect.html,mediaconnect,54
https://docs.aws.amazon.com/service-authorization/latest/reference/list_awselementalmediaconvert.html,mediaconvert,28
https://docs.aws.amazon.com/service-authorization/latest/reference/list_awselementalmedialive.html,medialive,65
https://docs.aws.amazon.com/service-authorization/latest/reference/list_awselementalmediapackage.html,mediapackage,19
https://docs.aws.amazon.com/service-authorization/latest/reference/list_awselementalmediapackagev2.html,mediapackagev2,27
https://docs.aws.amazon.com/service-authorization/latest/reference/list_awselementalmediapackagevod.html,mediapackage-vod,17
https://docs.aws.amazon.com/service-authorization/latest/reference/list_awselementalmediastore.html,mediastore,26
https://docs.aws.amazon.com/service-authorization/latest/reference/list_awselementalmediatailor.html,mediatailor,44
https://docs.aws.amazon.com/service-authorization/latest/reference/list_awselementalsupportcases.html,elemental-support-cases,5
https://docs.aws.amazon.com/service-authorization/latest/reference/list_awselementalsupportcontent.html,elemental-support-content,1
https://docs.aws.amazon.com/service-authorization/latest/reference/list_amazonemroneksemrcontainers.html,emr-containers,20
https://docs.aws.amazon.com/service-authorization/latest/reference/list_amazonemrserverless.html,emr-serverless,16
https://docs.aws.amazon.com/service-authorization/latest/reference/list_awsentityresolution.html,entityresolution,27
https://docs.aws.amazon.com/service-authorization/latest/reference/list_amazoneventbridge.html,events,58
https://docs.aws.amazon.com/service-authorization/latest/reference/list_amazoneventbridgepipes.html,pipes,10
https://docs.aws.amazon.com/service-authorization/latest/reference/list_amazoneventbridgescheduler.html,scheduler,12
https://docs.aws.amazon.com/service-authorization/latest/reference/list_amazoneventbridgeschemas.html,schemas,31
https://docs.aws.amazon.com/service-authorization/latest/reference/list_awsfaultinjectionservice.html,fis,27
https://docs.aws.amazon.com/service-authorization/latest/reference/list_amazonfinspace.html,finspace,58
https://docs.aws.amazon.com/service-authorization/latest/reference/list_amazonfinspaceapi.html,finspace-api,1
https://docs.aws.amazon.com/service-authorization/latest/reference/list_awsfirewallmanager.html,fms,42
https://docs.aws.amazon.com/service-authorization/latest/reference/list_amazonforecast.html,forecast,70
https://docs.aws.amazon.com/service-authorization/latest/reference/list_amazonfrauddetector.html,frauddetector,74
https://docs.aws.amazon.com/service-authorization/latest/reference/list_awsfreetier.html,freetier,3
https://docs.aws.amazon.com/service-authorization/latest/reference/list_amazonfreertos.html,freertos,20
https://docs.aws.amazon.com/service-authorization/latest/reference/list_amazonfsx.html,fsx,53
https://docs.aws.amazon.com/service-authorization/latest/reference/list_amazongamelift.html,gamelift,104
https://docs.aws.amazon.com/service-authorization/latest/reference/list_awsglobalaccelerator.html,globalaccelerator,56
https://docs.aws.amazon.com/service-authorization/latest/reference/list_awsglue.html,glue,226
https://docs.aws.amazon.com/service-authorization/latest/reference/list_awsgluedatabrew.html,databrew,44
https://docs.aws.amazon.com/service-authorization/latest/reference/list_awsgroundstation.html,groundstation,33
https://docs.aws.amazon.com/service-authorization/latest/reference/list_amazongroundtruthlabeling.html,groundtruthlabeling,5
https://docs.aws.amazon.com/service-authorization/latest/reference/list_amazonguardduty.html,guardduty,70
https://docs.aws.amazon.com/service-authorization/latest/reference/list_awshealthapisandnotifications.html,health,14
https://docs.aws.amazon.com/service-authorization/latest/reference/list_awshealthimaging.html,medical-imaging,18
https://docs.aws.amazon.com/service-authorization/latest/reference/list_awshealthlake.html,healthlake,20
https://docs.aws.amazon.com/service-authorization/latest/reference/list_awshealthomics.html,omics,82
https://docs.aws.amazon.com/service-authorization/latest/reference/list_high-volumeoutboundcommunications.html,connect-campaigns,22
https://docs.aws.amazon.com/service-authorization/latest/reference/list_amazonhoneycode.html,honeycode,30
https://docs.aws.amazon.com/service-authorization/latest/reference/list_awsiamaccessanalyzer.html,access-analyzer,31
https://docs.aws.amazon.com/service-authorization/latest/reference/list_awsiamidentitycentersuccessortoawssinglesign-on.html,sso,126
https://docs.aws.amazon.com/service-authorization/latest/reference/list_awsiamidentitycentersuccessortoawssinglesign-ondirectory.html,sso-directory,52
https://docs.aws.amazon.com/service-authorization/latest/reference/list_awsiamidentitycenteroidcservice.html,sso-oauth,1
https://docs.aws.amazon.com/service-authorization/latest/reference/list_awsidentityandaccessmanagementiam.html,iam,171
https://docs.aws.amazon.com/service-authorization/latest/reference/list_awsidentityandaccessmanagementrolesanywhere.html,rolesanywhere,28
https://docs.aws.amazon.com/service-authorization/latest/reference/list_awsidentitystore.html,identitystore,19
https://docs.aws.amazon.com/service-authorization/latest/reference/list_awsidentitystoreauth.html,identitystore-auth,3
https://docs.aws.amazon.com/service-authorization/latest/reference/list_awsidentitysync.html,identity-sync,13
https://docs.aws.amazon.com/service-authorization/latest/reference/list_awsimportexportdiskservice.html,importexport,6
https://docs.aws.amazon.com/service-authorization/latest/reference/list_amazoninspector.html,inspector,37
https://docs.aws.amazon.com/service-authorization/latest/reference/list_amazoninspector2.html,inspector2,59
https://docs.aws.amazon.com/service-authorization/latest/reference/list_amazoninspectorscan.html,inspector-scan,1
https://docs.aws.amazon.com/service-authorization/latest/reference/list_amazoninteractivevideoservice.html,ivs,59
https://docs.aws.amazon.com/service-authorization/latest/reference/list_amazoninteractivevideoservicechat.html,ivschat,17
https://docs.aws.amazon.com/service-authorization/latest/reference/list_awsinvoicingservice.html,invoicing,4
https://docs.aws.amazon.com/service-authorization/latest/reference/list_awsiot.html,iot,271
https://docs.aws.amazon.com/service-authorization/latest/reference/list_awsiot1-click.html,iot1click,26
https://docs.aws.amazon.com/service-authorization/latest/reference/list_awsiotanalytics.html,iotanalytics,34
https://docs.aws.amazon.com/service-authorization/latest/reference/list_awsiotcoredeviceadvisor.html,iotdeviceadvisor,14
https://docs.aws.amazon.com/service-authorization/latest/reference/list_awsiotdevicetester.html,iot-device-tester,5
https://docs.aws.amazon.com/service-authorization/latest/reference/list_awsiotevents.html,iotevents,39
https://docs.aws.amazon.com/service-authorization/latest/reference/list_awsiotfleethubfordevicemanagement.html,iotfleethub,8
https://docs.aws.amazon.com/service-authorization/latest/reference/list_awsiotfleetwise.html,iotfleetwise,52
https://docs.aws.amazon.com/service-authorization/latest/reference/list_awsiotgreengrass.html,greengrass,93
https://docs.aws.amazon.com/service-authorization/latest/reference/list_awsiotgreengrassv2.html,greengrass,29
https://docs.aws.amazon.com/service-authorization/latest/reference/list_awsiotjobsdataplane.html,iotjobsdata,4
https://docs.aws.amazon.com/service-authorization/latest/reference/list_awsiotroborunner.html,iotroborunner,20
https://docs.aws.amazon.com/service-authorization/latest/reference/list_awsiotsitewise.html,iotsitewise,86
https://docs.aws.amazon.com/service-authorization/latest/reference/list_awsiottwinmaker.html,iottwinmaker,40
https://docs.aws.amazon.com/service-authorization/latest/reference/list_awsiotwireless.html,iotwireless,110
https://docs.aws.amazon.com/service-authorization/latest/reference/list_awsiq.html,iq,63
https://docs.aws.amazon.com/service-authorization/latest/reference/list_awsiqpermissions.html,iq-permission,9
https://docs.aws.amazon.com/service-authorization/latest/reference/list_amazonkendra.html,kendra,66
https://docs.aws.amazon.com/service-authorization/latest/reference/list_amazonkendraintelligentranking.html,kendra-ranking,9
https://docs.aws.amazon.com/service-authorization/latest/reference/list_awskeymanagementservice.html,kms,52
https://docs.aws.amazon.com/service-authorization/latest/reference/list_amazonkeyspacesforapachecassandra.html,cassandra,17
https://docs.aws.amazon.com/service-authorization/latest/reference/list_amazonkinesisanalytics.html,kinesisanalytics,17
https://docs.aws.amazon.com/service-authorization/latest/reference/list_amazonkinesisanalyticsv2.html,kinesisanalytics,31
https://docs.aws.amazon.com/service-authorization/latest/reference/list_amazonkinesisdatastreams.html,kinesis,32
https://docs.aws.amazon.com/service-authorization/latest/reference/list_amazonkinesisfirehose.html,firehose,12
https://docs.aws.amazon.com/service-authorization/latest/reference/list_amazonkinesisvideostreams.html,kinesisvideo,43
https://docs.aws.amazon.com/service-authorization/latest/reference/list_awslakeformation.html,lakeformation,52
https://docs.aws.amazon.com/service-authorization/latest/reference/list_awslambda.html,lambda,68
https://docs.aws.amazon.com/service-authorization/latest/reference/list_awslaunchwizard.html,launchwizard,33
https://docs.aws.amazon.com/service-authorization/latest/reference/list_amazonlex.html,lex,47
https://docs.aws.amazon.com/service-authorization/latest/reference/list_amazonlexv2.html,lex,112
https://docs.aws.amazon.com/service-authorization/latest/reference/list_awslicensemanager.html,license-manager,50
https://docs.aws.amazon.com/service-authorization/latest/reference/list_awslicensemanagerlinuxsubscriptionsmanager.html,license-manager-linux-subscriptions,4
https://docs.aws.amazon.com/service-authorization/latest/reference/list_awslicensemanagerusersubscriptions.html,license-manager-user-subscriptions,11
https://docs.aws.amazon.com/service-authorization/latest/reference/list_amazonlightsail.html,lightsail,161
https://docs.aws.amazon.com/service-authorization/latest/reference/list_amazonlocation.html,geo,58
https://docs.aws.amazon.com/service-authorization/latest/reference/list_amazonlookoutforequipment.html,lookoutequipment,49
https://docs.aws.amazon.com/service-authorization/latest/reference/list_amazonlookoutformetrics.html,lookoutmetrics,30
https://docs.aws.amazon.com/service-authorization/latest/reference/list_amazonlookoutforvision.html,lookoutvision,25
https://docs.aws.amazon.com/service-authorization/latest/reference/list_amazonmachinelearning.html,machinelearning,28
https://docs.aws.amazon.com/service-authorization/latest/reference/list_amazonmacie.html,macie2,79
https://docs.aws.amazon.com/service-authorization/latest/reference/list_awsmainframemodernizationservice.html,m2,33
https://docs.aws.amazon.com/service-authorization/latest/reference/list_amazonmanagedblockchain.html,managedblockchain,34
https://docs.aws.amazon.com/service-authorization/latest/reference/list_amazonmanagedblockchainquery.html,managedblockchain-query,9
https://docs.aws.amazon.com/service-authorization/latest/reference/list_amazonmanagedgrafana.html,grafana,19
https://docs.aws.amazon.com/service-authorization/latest/reference/list_amazonmanagedserviceforprometheus.html,aps,42
https://docs.aws.amazon.com/service-authorization/latest/reference/list_amazonmanagedstreamingforapachekafka.html,kafka,52
https://docs.aws.amazon.com/service-authorization/latest/reference/list_amazonmanagedstreamingforkafkaconnect.html,kafkaconnect,16
https://docs.aws.amazon.com/service-authorization/latest/reference/list_amazonmanagedworkflowsforapacheairflow.html,airflow,11
https://docs.aws.amazon.com/service-authorization/latest/reference/list_awsmarketplace.html,aws-marketplace,18
https://docs.aws.amazon.com/service-authorization/latest/reference/list_awsmarketplacecatalog.html,aws-marketplace,16
https://docs.aws.amazon.com/service-authorization/latest/reference/list_awsmarketplacecommerceanalyticsservice.html,marketplacecommerceanalytics,2
https://docs.aws.amazon.com/service-authorization/latest/reference/list_awsmarketplacedeploymentservice.html,aws-marketplace,4
https://docs.aws.amazon.com/service-authorization/latest/reference/list_awsmarketplacediscovery.html,aws-marketplace,1
https://docs.aws.amazon.com/service-authorization/latest/reference/list_awsmarketplaceentitlementservice.html,aws-marketplace,1
https://docs.aws.amazon.com/service-authorization/latest/reference/list_awsmarketplaceimagebuildingservice.html,aws-marketplace,3
https://docs.aws.amazon.com/service-authorization/latest/reference/list_awsmarketplacemanagementportal.html,aws-marketplace-management,13
https://docs.aws.amazon.com/service-authorization/latest/reference/list_awsmarketplacemeteringservice.html,aws-marketplace,4
https://docs.aws.amazon.com/service-authorization/latest/reference/list_awsmarketplaceprivatemarketplace.html,aws-marketplace,5
https://docs.aws.amazon.com/service-authorization/latest/reference/list_awsmarketplaceprocurementsystemsintegration.html,aws-marketplace,2
https://docs.aws.amazon.com/service-authorization/latest/reference/list_awsmarketplacesellerreporting.html,aws-marketplace,1
https://docs.aws.amazon.com/service-authorization/latest/reference/list_awsmarketplacevendorinsights.html,vendor-insights,24
https://docs.aws.amazon.com/service-authorization/latest/reference/list_amazonmechanicalturk.html,mechanicalturk,39
https://docs.aws.amazon.com/service-authorization/latest/reference/list_amazonmemorydb.html,memorydb,39
https://docs.aws.amazon.com/service-authorization/latest/reference/list_amazonmessagedeliveryservice.html,ec2messages,6
https://docs.aws.amazon.com/service-authorization/latest/reference/list_amazonmessagegatewayservice.html,ssmmessages,4
https://docs.aws.amazon.com/service-authorization/latest/reference/list_awsmicroserviceextractorfor.net.html,serviceextract,1
https://docs.aws.amazon.com/service-authorization/latest/reference/list_awsmigrationaccelerationprogramcredits.html,mapcredits,3
https://docs.aws.amazon.com/service-authorization/latest/reference/list_awsmigrationhub.html,mgh,21
https://docs.aws.amazon.com/service-authorization/latest/reference/list_awsmigrationhuborchestrator.html,migrationhub-orchestrator,31
https://docs.aws.amazon.com/service-authorization/latest/reference/list_awsmigrationhubrefactorspaces.html,refactor-spaces,24
https://docs.aws.amazon.com/service-authorization/latest/reference/list_awsmigrationhubstrategyrecommendations.html,migrationhub-strategy,31
https://docs.aws.amazon.com/service-authorization/latest/reference/list_amazonmobileanalytics.html,mobileanalytics,1
https://docs.aws.amazon.com/service-authorization/latest/reference/list_amazonmonitron.html,monitron,18
https://docs.aws.amazon.com/service-authorization/latest/reference/list_amazonmq.html,mq,24
https://docs.aws.amazon.com/service-authorization/latest/reference/list_amazonneptune.html,neptune-db,33
https://docs.aws.amazon.com/service-authorization/latest/reference/list_amazonneptuneanalytics.html,neptune-graph,31
https://docs.aws.amazon.com/service-authorization/latest/reference/list_awsnetworkfirewall.html,network-firewall,36
https://docs.aws.amazon.com/service-authorization/latest/reference/list_awsnetworkmanager.html,networkmanager,85
https://docs.aws.amazon.com/service-authorization/latest/reference/list_awsnetworkmanagerchat.html,networkmanager-chat,7
https://docs.aws.amazon.com/service-authorization/latest/reference/list_amazonnimblestudio.html,nimble,51
https://docs.aws.amazon.com/service-authorization/latest/reference/list_amazononeenterprise.html,one,27
https://docs.aws.amazon.com/service-authorization/latest/reference/list_amazonopensearchingestion.html,osis,15
https://docs.aws.amazon.com/service-authorization/latest/reference/list_amazonopensearchserverless.html,aoss,39
https://docs.aws.amazon.com/service-authorization/latest/reference/list_amazonopensearchservice.html,es,97
https://docs.aws.amazon.com/service-authorization/latest/reference/list_awsopsworks.html,opsworks,74
https://docs.aws.amazon.com/service-authorization/latest/reference/list_awsopsworksconfigurationmanagement.html,opsworks-cm,19
https://docs.aws.amazon.com/service-authorization/latest/reference/list_awsorganizations.html,organizations,55
https://docs.aws.amazon.com/service-authorization/latest/reference/list_awsoutposts.html,outposts,28
https://docs.aws.amazon.com/service-authorization/latest/reference/list_awspanorama.html,panorama,36
https://docs.aws.amazon.com/service-authorization/latest/reference/list_awspartnercentralaccountmanagement.html,partnercentral-account-management,3
https://docs.aws.amazon.com/service-authorization/latest/reference/list_awspaymentcryptography.html,payment-cryptography,31
https://docs.aws.amazon.com/service-authorization/latest/reference/list_awspayments.html,payments,7
https://docs.aws.amazon.com/service-authorization/latest/reference/list_awsperformanceinsights.html,pi,13
https://docs.aws.amazon.com/service-authorization/latest/reference/list_amazonpersonalize.html,personalize,79
https://docs.aws.amazon.com/service-authorization/latest/reference/list_amazonpinpoint.html,mobiletargeting,123
https://docs.aws.amazon.com/service-authorization/latest/reference/list_amazonpinpointemailservice.html,ses,42
https://docs.aws.amazon.com/service-authorization/latest/reference/list_amazonpinpointsmsandvoiceservice.html,sms-voice,8
https://docs.aws.amazon.com/service-authorization/latest/reference/list_amazonpinpointsmsvoicev2.html,sms-voice,69
https://docs.aws.amazon.com/service-authorization/latest/reference/list_amazonpolly.html,polly,9
https://docs.aws.amazon.com/service-authorization/latest/reference/list_awspricelist.html,pricing,5
https://docs.aws.amazon.com/service-authorization/latest/reference/list_awsprivatecaconnectorforactivedirectory.html,pca-connector-ad,25
https://docs.aws.amazon.com/service-authorization/latest/reference/list_awsprivatecertificateauthority.html,acm-pca,23
https://docs.aws.amazon.com/service-authorization/latest/reference/list_awsproton.html,proton,111
https://docs.aws.amazon.com/service-authorization/latest/reference/list_awspurchaseordersconsole.html,purchase-orders,14
https://docs.aws.amazon.com/service-authorization/latest/reference/list_amazonq.html,q,7
https://docs.aws.amazon.com/service-authorization/latest/reference/list_amazonqbusiness.html,qbusiness,61
https://docs.aws.amazon.com/service-authorization/latest/reference/list_amazonqinconnect.html,wisdom,42
https://docs.aws.amazon.com/service-authorization/latest/reference/list_amazonqldb.html,qldb,35
https://docs.aws.amazon.com/service-authorization/latest/reference/list_amazonquicksight.html,quicksight,197
https://docs.aws.amazon.com/service-authorization/latest/reference/list_amazonrds.html,rds,166
https://docs.aws.amazon.com/service-authorization/latest/reference/list_amazonrdsdataapi.html,rds-data,6
https://docs.aws.amazon.com/service-authorization/latest/reference/list_amazonrdsiamauthentication.html,rds-db,1
https://docs.aws.amazon.com/service-authorization/latest/reference/list_awsre_postprivate.html,repostspace,11
https://docs.aws.amazon.com/service-authorization/latest/reference/list_awsrecyclebin.html,rbin,10
https://docs.aws.amazon.com/service-authorization/latest/reference/list_amazonredshift.html,redshift,155
https://docs.aws.amazon.com/service-authorization/latest/reference/list_amazonredshiftdataapi.html,redshift-data,10
https://docs.aws.amazon.com/service-authorization/latest/reference/list_amazonredshiftserverless.html,redshift-serverless,56
https://docs.aws.amazon.com/service-authorization/latest/reference/list_amazonrekognition.html,rekognition,76
https://docs.aws.amazon.com/service-authorization/latest/reference/list_awsresiliencehub.html,resiliencehub,54
https://docs.aws.amazon.com/service-authorization/latest/reference/list_awsresourceaccessmanagerram.html,ram,34
https://docs.aws.amazon.com/service-authorization/latest/reference/list_awsresourceexplorer.html,resource-explorer-2,21
https://docs.aws.amazon.com/service-authorization/latest/reference/list_amazonresourcegrouptaggingapi.html,tag,8
https://docs.aws.amazon.com/service-authorization/latest/reference/list_awsresourcegroups.html,resource-groups,24
https://docs.aws.amazon.com/service-authorization/latest/reference/list_amazonrhelknowledgebaseportal.html,rhelkb,1
https://docs.aws.amazon.com/service-authorization/latest/reference/list_awsrobomaker.html,robomaker,57
https://docs.aws.amazon.com/service-authorization/latest/reference/list_amazonroute53.html,route53,70
https://docs.aws.amazon.com/service-authorization/latest/reference/list_amazonroute53applicationrecoverycontroller-zonalshift.html,arc-zonal-shift,11
https://docs.aws.amazon.com/service-authorization/latest/reference/list_amazonroute53domains.html,route53domains,34
https://docs.aws.amazon.com/service-authorization/latest/reference/list_amazonroute53recoverycluster.html,route53-recovery-cluster,4
https://docs.aws.amazon.com/service-authorization/latest/reference/list_amazonroute53recoverycontrols.html,route53-recovery-control-config,25
https://docs.aws.amazon.com/service-authorization/latest/reference/list_amazonroute53recoveryreadiness.html,route53-recovery-readiness,32
https://docs.aws.amazon.com/service-authorization/latest/reference/list_amazonroute53resolver.html,route53resolver,68
https://docs.aws.amazon.com/service-authorization/latest/reference/list_amazons3.html,s3,158
https://docs.aws.amazon.com/service-authorization/latest/reference/list_amazons3express.html,s3express,7
https://docs.aws.amazon.com/service-authorization/latest/reference/list_amazons3glacier.html,glacier,33
https://docs.aws.amazon.com/service-authorization/latest/reference/list_amazons3objectlambda.html,s3-object-lambda,26
https://docs.aws.amazon.com/service-authorization/latest/reference/list_amazons3onoutposts.html,s3-outposts,48
https://docs.aws.amazon.com/service-authorization/latest/reference/list_amazonsagemaker.html,sagemaker,347
https://docs.aws.amazon.com/service-authorization/latest/reference/list_amazonsagemakergeospatialcapabilities.html,sagemaker-geospatial,19
https://docs.aws.amazon.com/service-authorization/latest/reference/list_amazonsagemakergroundtruthsynthetic.html,sagemaker-groundtruth-synthetic,12
https://docs.aws.amazon.com/service-authorization/latest/reference/list_awssavingsplans.html,savingsplans,9
https://docs.aws.amazon.com/service-authorization/latest/reference/list_awssecretsmanager.html,secretsmanager,23
https://docs.aws.amazon.com/service-authorization/latest/reference/list_awssecurityhub.html,securityhub,89
https://docs.aws.amazon.com/service-authorization/latest/reference/list_amazonsecuritylake.html,securitylake,31
https://docs.aws.amazon.com/service-authorization/latest/reference/list_awssecuritytokenservice.html,sts,12
https://docs.aws.amazon.com/service-authorization/latest/reference/list_awsservermigrationservice.html,sms,35
https://docs.aws.amazon.com/service-authorization/latest/reference/list_awsserverlessapplicationrepository.html,serverlessrepo,15
https://docs.aws.amazon.com/service-authorization/latest/reference/list_awsservicecatalog.html,servicecatalog,114
https://docs.aws.amazon.com/service-authorization/latest/reference/list_awsserviceprovidingmanagedprivatenetworks.html,private-networks,26
https://docs.aws.amazon.com/service-authorization/latest/reference/list_servicequotas.html,servicequotas,19
https://docs.aws.amazon.com/service-authorization/latest/reference/list_amazonses.html,ses,71
https://docs.aws.amazon.com/service-authorization/latest/reference/list_awsshield.html,shield,36
https://docs.aws.amazon.com/service-authorization/latest/reference/list_awssigner.html,signer,19
https://docs.aws.amazon.com/service-authorization/latest/reference/list_amazonsimpleemailservicev2.html,ses,92
https://docs.aws.amazon.com/service-authorization/latest/reference/list_amazonsimpleworkflowservice.html,swf,49
https://docs.aws.amazon.com/service-authorization/latest/reference/list_amazonsimpledb.html,sdb,10
https://docs.aws.amazon.com/service-authorization/latest/reference/list_awssimspaceweaver.html,simspaceweaver,16
https://docs.aws.amazon.com/service-authorization/latest/reference/list_awssnowdevicemanagement.html,snow-device-management,13
https://docs.aws.amazon.com/service-authorization/latest/reference/list_awssnowball.html,snowball,27
https://docs.aws.amazon.com/service-authorization/latest/reference/list_amazonsns.html,sns,41
https://docs.aws.amazon.com/service-authorization/latest/reference/list_awssqlworkbench.html,sqlworkbench,70
https://docs.aws.amazon.com/service-authorization/latest/reference/list_amazonsqs.html,sqs,20
https://docs.aws.amazon.com/service-authorization/latest/reference/list_awsstepfunctions.html,states,38
https://docs.aws.amazon.com/service-authorization/latest/reference/list_awsstoragegateway.html,storagegateway,91
https://docs.aws.amazon.com/service-authorization/latest/reference/list_awssupplychain.html,scn,15
https://docs.aws.amazon.com/service-authorization/latest/reference/list_awssupport.html,support,25
https://docs.aws.amazon.com/service-authorization/latest/reference/list_awssupportappinslack.html,supportapp,13
https://docs.aws.amazon.com/service-authorization/latest/reference/list_awssupportplans.html,supportplans,4
https://docs.aws.amazon.com/service-authorization/latest/reference/list_awssustainability.html,sustainability,1
https://docs.aws.amazon.com/service-authorization/latest/reference/list_awssystemsmanager.html,ssm,149
https://docs.aws.amazon.com/service-authorization/latest/reference/list_awssystemsmanagerforsap.html,ssm-sap,21
https://docs.aws.amazon.com/service-authorization/latest/reference/list_awssystemsmanagerguiconnect.html,ssm-guiconnect,3
https://docs.aws.amazon.com/service-authorization/latest/reference/list_awssystemsmanagerincidentmanager.html,ssm-incidents,31
https://docs.aws.amazon.com/service-authorization/latest/reference/list_awssystemsmanagerincidentmanagercontacts.html,ssm-contacts,40
https://docs.aws.amazon.com/service-authorization/latest/reference/list_tageditor.html,resource-explorer,3
https://docs.aws.amazon.com/service-authorization/latest/reference/list_awstaxsettings.html,tax,13
https://docs.aws.amazon.com/service-authorization/latest/reference/list_awstelconetworkbuilder.html,tnb,33
https://docs.aws.amazon.com/service-authorization/latest/reference/list_amazontextract.html,textract,25
https://docs.aws.amazon.com/service-authorization/latest/reference/list_amazontimestream.html,timestream,35
https://docs.aws.amazon.com/service-authorization/latest/reference/list_amazontimestreaminfluxdb.html,timestream-influxdb,11
https://docs.aws.amazon.com/service-authorization/latest/reference/list_awstiros.html,tiros,5
https://docs.aws.amazon.com/service-authorization/latest/reference/list_amazontranscribe.html,transcribe,49
https://docs.aws.amazon.com/service-authorization/latest/reference/list_awstransferfamily.html,transfer,59
https://docs.aws.amazon.com/service-authorization/latest/reference/list_amazontranslate.html,translate,19
https://docs.aws.amazon.com/service-authorization/latest/reference/list_awstrustedadvisor.html,trustedadvisor,51
https://docs.aws.amazon.com/service-authorization/latest/reference/list_awsusernotifications.html,notifications,21
https://docs.aws.amazon.com/service-authorization/latest/reference/list_awsusernotificationscontacts.html,notifications-contacts,9
https://docs.aws.amazon.com/service-authorization/latest/reference/list_awsverifiedaccess.html,verified-access,1
https://docs.aws.amazon.com/service-authorization/latest/reference/list_amazonverifiedpermissions.html,verifiedpermissions,24
https://docs.aws.amazon.com/service-authorization/latest/reference/list_amazonvpclattice.html,vpc-lattice,51
https://docs.aws.amazon.com/service-authorization/latest/reference/list_amazonvpclatticeservices.html,vpc-lattice-svcs,1
https://docs.aws.amazon.com/service-authorization/latest/reference/list_awswaf.html,waf,77
https://docs.aws.amazon.com/service-authorization/latest/reference/list_awswafregional.html,waf-regional,81
https://docs.aws.amazon.com/service-authorization/latest/reference/list_awswafv2.html,wafv2,56
https://docs.aws.amazon.com/service-authorization/latest/reference/list_awswell-architectedtool.html,wellarchitected,70
https://docs.aws.amazon.com/service-authorization/latest/reference/list_awswickr.html,wickr,7
https://docs.aws.amazon.com/service-authorization/latest/reference/list_amazonworkdocs.html,workdocs,59
https://docs.aws.amazon.com/service-authorization/latest/reference/list_amazonworklink.html,worklink,34
https://docs.aws.amazon.com/service-authorization/latest/reference/list_amazonworkmail.html,workmail,135
https://docs.aws.amazon.com/service-authorization/latest/reference/list_amazonworkmailmessageflow.html,workmailmessageflow,2
https://docs.aws.amazon.com/service-authorization/latest/reference/list_amazonworkspaces.html,workspaces,74
https://docs.aws.amazon.com/service-authorization/latest/reference/list_amazonworkspacesapplicationmanager.html,wam,1
https://docs.aws.amazon.com/service-authorization/latest/reference/list_amazonworkspacesthinclient.html,thinclient,17
https://docs.aws.amazon.com/service-authorization/latest/reference/list_amazonworkspacesweb.html,workspaces-web,58
https://docs.aws.amazon.com/service-authorization/latest/reference/list_awsx-ray.html,xray,33
